<?xml version="1.0" encoding="UTF-8"?>
<preferences>
 <debug showDebugMenu="0" />
 <systemtable>
  <columns>
   <connections preferredWidth="47" />
   <irq preferredWidth="34" />
  </columns>
 </systemtable>
 <clocktable>
  <columns>
   <clockname preferredWidth="271" />
   <clocksource preferredWidth="270" />
   <frequency preferredWidth="251" />
  </columns>
 </clocktable>
 <window width="1100" height="800" x="0" y="0" />
 <library expandedCategories="Library,Project" />
</preferences>
